revision,run,task,seconds
before,1,:app:mergeExtDexDebug,58.76
before,1,:app:mergeDebugJavaResource,5.755
before,1,:core:ui:compileDebugKotlin,513.27
before,2,:app:mergeExtDexDebug,20.206
before,2,:app:mergeDebugJavaResource,9.531
before,2,:core:ui:compileDebugKotlin,4.036
before,3,:app:mergeExtDexDebug,23.958
before,3,:app:mergeDebugJavaResource,8.316
before,3,:core:ui:compileDebugKotlin,6.166
after,1,:app:mergeExtDexDebug,84.93
after,1,:app:mergeDebugJavaResource,9.143
after,1,:core:ui:compileDebugKotlin,15.904
after,2,:app:mergeExtDexDebug,21.873
after,2,:app:mergeDebugJavaResource,6.43
after,2,:core:ui:compileDebugKotlin,9.052
after,3,:app:mergeExtDexDebug,12.653
after,3,:app:mergeDebugJavaResource,4.972
after,3,:core:ui:compileDebugKotlin,6.491
